pdb_id,chain_id,pdb_residue_number,pdb_residue_name,uniprot_id,uniprot_residue_number,uniprot_residue_name,neighbor_count,sasa_proxy,is_surface_proxy,x,y,z
3GHG,A,27,ALA,P02671,46,A,8,80.0,True,59.185,-5.32,-53.728
3GHG,A,28,CYS,P02671,47,C,8,80.0,True,56.951,-2.234,-53.337
3GHG,A,29,LYS,P02671,48,K,8,80.0,True,55.668,-3.828,-50.08
3GHG,A,30,ASP,P02671,49,D,7,82.5,True,59.056,-3.622,-48.268
3GHG,A,31,SER,P02671,50,S,7,82.5,True,57.963,-2.001,-44.966
3GHG,A,32,ASP,P02671,51,D,5,87.5,True,61.583,-1.42,-43.904
3GHG,A,33,TRP,P02671,52,W,6,85.0,True,60.633,2.141,-42.946
3GHG,A,34,PRO,P02671,53,P,6,85.0,True,60.267,3.678,-39.459
3GHG,A,35,PHE,P02671,54,F,5,87.5,True,57.189,5.488,-38.156
3GHG,A,36,CYS,P02671,55,C,9,77.5,True,56.741,9.146,-39.173
3GHG,A,37,SER,P02671,56,S,8,80.0,True,56.76,12.266,-37.042
3GHG,A,38,ASP,P02671,57,D,7,82.5,True,54.438,15.277,-37.339
3GHG,A,39,GLU,P02671,58,E,8,80.0,True,57.008,17.774,-38.687
3GHG,A,40,ASP,P02671,59,D,10,75.0,True,57.933,14.905,-41.011
3GHG,A,41,TRP,P02671,60,W,10,75.0,True,54.833,16.282,-42.716
3GHG,A,42,ASN,P02671,61,N,8,80.0,True,55.58,18.986,-45.348
3GHG,A,43,TYR,P02671,62,Y,7,82.5,True,59.051,17.421,-45.431
3GHG,A,44,LYS,P02671,63,K,12,70.0,False,58.326,13.908,-46.674
3GHG,A,45,CYS,P02671,64,C,11,72.5,True,55.17,13.714,-48.864
3GHG,A,46,PRO,P02671,65,P,11,72.5,True,52.879,11.042,-50.439
3GHG,A,47,SER,P02671,66,S,13,67.5,False,53.326,9.76,-54.002
3GHG,A,48,GLY,P02671,67,G,14,65.0,False,50.876,11.367,-56.431
3GHG,A,49,CYS,P02671,68,C,12,70.0,False,49.834,7.883,-57.646
3GHG,A,50,ARG,P02671,69,R,10,75.0,True,48.05,6.992,-54.429
3GHG,A,51,MET,P02671,70,M,11,72.5,True,46.894,10.597,-54.274
3GHG,A,52,LYS,P02671,71,K,10,75.0,True,45.693,10.269,-57.87
3GHG,A,53,GLY,P02671,72,G,10,75.0,True,43.828,7.164,-56.667
3GHG,A,54,LEU,P02671,73,L,12,70.0,False,42.349,9.067,-53.72
3GHG,A,55,ILE,P02671,74,I,12,70.0,False,41.781,12.427,-55.476
3GHG,A,56,ASP,P02671,75,D,11,72.5,True,39.315,10.594,-57.717
3GHG,A,57,GLU,P02671,76,E,12,70.0,False,37.708,8.259,-55.12
3GHG,A,58,VAL,P02671,77,V,11,72.5,True,36.455,11.364,-53.291
3GHG,A,59,ASN,P02671,78,N,11,72.5,True,35.36,13.407,-56.368
3GHG,A,60,GLN,P02671,79,Q,12,70.0,False,33.575,10.274,-57.626
3GHG,A,61,ASP,P02671,80,D,11,72.5,True,31.777,9.275,-54.374
3GHG,A,62,PHE,P02671,81,F,11,72.5,True,30.557,12.881,-54.234
3GHG,A,63,THR,P02671,82,T,13,67.5,False,29.065,12.263,-57.724
3GHG,A,64,ASN,P02671,83,N,12,70.0,False,27.559,8.877,-56.658
3GHG,A,65,ARG,P02671,84,R,11,72.5,True,26.204,10.58,-53.575
3GHG,A,66,ILE,P02671,85,I,12,70.0,False,24.997,13.615,-55.58
3GHG,A,67,ASN,P02671,86,N,12,70.0,False,23.181,11.278,-58.026
3GHG,A,68,LYS,P02671,87,K,10,75.0,True,21.181,9.529,-55.246
3GHG,A,69,LEU,P02671,88,L,11,72.5,True,20.555,12.96,-53.662
3GHG,A,70,LYS,P02671,89,K,12,70.0,False,19.424,14.637,-56.904
3GHG,A,71,ASN,P02671,90,N,10,75.0,True,17.222,11.656,-57.905
3GHG,A,72,SER,P02671,91,S,12,70.0,False,15.251,12.237,-54.684
3GHG,A,73,LEU,P02671,92,L,12,70.0,False,15.15,16.074,-55.096
3GHG,A,74,PHE,P02671,93,F,11,72.5,True,13.165,15.695,-58.331
3GHG,A,75,GLU,P02671,94,E,11,72.5,True,10.84,13.058,-56.78
3GHG,A,76,TYR,P02671,95,Y,12,70.0,False,9.525,15.559,-54.227
3GHG,A,77,GLN,P02671,96,Q,10,75.0,True,9.453,18.22,-56.961
3GHG,A,78,LYS,P02671,97,K,11,72.5,True,7.26,15.75,-58.929
3GHG,A,79,ASN,P02671,98,N,12,70.0,False,5.381,14.739,-55.746
3GHG,A,80,ASN,P02671,99,N,12,70.0,False,4.889,18.519,-55.402
3GHG,A,81,LYS,P02671,100,K,11,72.5,True,2.972,18.675,-58.712
3GHG,A,82,ASP,P02671,101,D,11,72.5,True,0.542,15.891,-57.65
3GHG,A,83,SER,P02671,102,S,12,70.0,False,0.035,16.702,-53.935
3GHG,A,84,HIS,P02671,103,H,11,72.5,True,-0.759,20.411,-54.583
3GHG,A,85,SER,P02671,104,S,12,70.0,False,-3.43,19.053,-56.961
3GHG,A,86,LEU,P02671,105,L,12,70.0,False,-4.747,16.543,-54.359
3GHG,A,87,THR,P02671,106,T,10,75.0,True,-4.692,19.261,-51.621
3GHG,A,88,THR,P02671,107,T,12,70.0,False,-6.644,21.802,-53.67
3GHG,A,89,ASN,P02671,108,N,12,70.0,False,-8.82,18.765,-54.611
3GHG,A,90,ILE,P02671,109,I,11,72.5,True,-9.601,17.871,-50.986
3GHG,A,91,MET,P02671,110,M,12,70.0,False,-9.928,21.672,-50.629
3GHG,A,92,GLU,P02671,111,E,11,72.5,True,-12.762,22.131,-53.173
3GHG,A,93,ILE,P02671,112,I,10,75.0,True,-14.774,19.051,-52.036
3GHG,A,94,LEU,P02671,113,L,12,70.0,False,-14.826,20.423,-48.446
3GHG,A,95,ARG,P02671,114,R,12,70.0,False,-13.869,24.15,-48.794
3GHG,A,96,GLY,P02671,115,G,11,72.5,True,-17.538,24.743,-49.667
3GHG,A,97,ASP,P02671,116,D,13,67.5,False,-19.175,21.619,-48.117
3GHG,A,98,PHE,P02671,117,F,11,72.5,True,-19.528,23.467,-44.822
3GHG,A,99,SER,P02671,118,S,10,75.0,True,-21.069,26.322,-46.833
3GHG,A,100,SER,P02671,119,S,12,70.0,False,-23.427,23.682,-48.318
3GHG,A,101,ALA,P02671,120,A,10,75.0,True,-24.276,22.427,-44.812
3GHG,A,102,ASN,P02671,121,N,13,67.5,False,-25.521,25.927,-43.916
3GHG,A,103,ASN,P02671,122,N,12,70.0,False,-27.508,25.935,-47.182
3GHG,A,104,ARG,P02671,123,R,12,70.0,False,-28.863,22.527,-46.089
3GHG,A,105,ASP,P02671,124,D,12,70.0,False,-30.465,24.39,-43.188
3GHG,A,106,ASN,P02671,125,N,12,70.0,False,-32.059,27.017,-45.495
3GHG,A,107,THR,P02671,126,T,11,72.5,True,-35.235,24.895,-45.572
3GHG,A,108,TYR,P02671,127,Y,12,70.0,False,-34.622,23.898,-41.96
3GHG,A,109,ASN,P02671,128,N,12,70.0,False,-34.274,27.563,-40.954
3GHG,A,110,ARG,P02671,129,R,11,72.5,True,-37.723,28.747,-42.121
3GHG,A,111,VAL,P02671,130,V,11,72.5,True,-39.791,25.798,-43.389
3GHG,A,112,SER,P02671,131,S,13,67.5,False,-39.223,24.278,-39.957
3GHG,A,113,GLU,P02671,132,E,12,70.0,False,-39.431,27.466,-37.818
3GHG,A,114,ASP,P02671,133,D,11,72.5,True,-42.552,29.133,-39.211
3GHG,A,115,LEU,P02671,134,L,11,72.5,True,-44.208,25.704,-39.111
3GHG,A,116,ARG,P02671,135,R,13,67.5,False,-43.299,25.209,-35.435
3GHG,A,117,SER,P02671,136,S,10,75.0,True,-45.23,28.407,-34.71
3GHG,A,118,ARG,P02671,137,R,11,72.5,True,-48.159,27.172,-36.852
3GHG,A,119,ILE,P02671,138,I,11,72.5,True,-48.285,23.773,-35.09
3GHG,A,120,GLU,P02671,139,E,13,67.5,False,-48.311,25.639,-31.787
3GHG,A,121,VAL,P02671,140,V,11,72.5,True,-50.883,28.345,-32.744
3GHG,A,122,LEU,P02671,141,L,11,72.5,True,-52.928,25.281,-33.729
3GHG,A,123,LYS,P02671,142,K,12,70.0,False,-53.215,24.403,-30.004
3GHG,A,124,ARG,P02671,143,R,10,75.0,True,-54.309,27.897,-28.852
3GHG,A,125,LYS,P02671,144,K,11,72.5,True,-57.439,27.006,-30.808
3GHG,A,126,VAL,P02671,145,V,11,72.5,True,-57.538,23.213,-30.175
3GHG,A,127,ILE,P02671,146,I,13,67.5,False,-57.56,23.822,-26.413
3GHG,A,128,GLU,P02671,147,E,10,75.0,True,-60.642,26.042,-26.727
3GHG,A,129,LYS,P02671,148,K,11,72.5,True,-62.356,23.245,-28.603
3GHG,A,130,VAL,P02671,149,V,15,62.5,False,-61.413,20.565,-26.093
3GHG,A,131,GLN,P02671,150,Q,13,67.5,False,-62.062,22.869,-23.155
3GHG,A,132,HIS,P02671,151,H,11,72.5,True,-65.628,23.635,-24.182
3GHG,A,133,ILE,P02671,152,I,14,65.0,False,-66.288,19.92,-24.729
3GHG,A,134,GLN,P02671,153,Q,15,62.5,False,-65.271,19.079,-21.182
3GHG,A,135,LEU,P02671,154,L,11,72.5,True,-67.722,21.673,-19.957
3GHG,A,136,LEU,P02671,155,L,12,70.0,False,-70.442,20.36,-22.22
3GHG,A,137,GLN,P02671,156,Q,17,57.5,False,-69.674,16.82,-21.039
3GHG,A,138,LYS,P02671,157,K,13,67.5,False,-70.392,17.954,-17.473
3GHG,A,139,ASN,P02671,158,N,11,72.5,True,-73.319,20.194,-18.488
3GHG,A,140,VAL,P02671,159,V,13,67.5,False,-74.956,17.192,-20.154
3GHG,A,141,ARG,P02671,160,R,16,60.0,False,-74.132,14.647,-17.456
3GHG,A,142,ALA,P02671,161,A,11,72.5,True,-76.332,17.006,-15.387
3GHG,A,143,GLN,P02671,162,Q,12,70.0,False,-79.032,17.122,-18.066
3GHG,A,144,LEU,P02671,163,L,16,60.0,False,-79.13,13.349,-18.251
3GHG,A,145,VAL,P02671,164,V,14,65.0,False,-79.584,12.484,-14.551
3GHG,A,146,ASP,P02671,165,D,13,67.5,False,-82.152,15.296,-14.447
3GHG,A,147,MET,P02671,166,M,14,65.0,False,-84.41,13.562,-16.984
3GHG,A,148,LYS,P02671,167,K,17,57.5,False,-83.857,10.166,-15.469
3GHG,A,149,ARG,P02671,168,R,13,67.5,False,-85.104,11.998,-12.368
3GHG,A,150,LEU,P02671,169,L,12,70.0,False,-87.887,14.006,-13.999
3GHG,A,151,GLU,P02671,170,E,16,60.0,False,-88.89,10.989,-16.05
3GHG,A,152,VAL,P02671,171,V,15,62.5,False,-89.316,8.857,-12.958
3GHG,A,153,ASP,P02671,172,D,12,70.0,False,-90.828,11.867,-11.279
3GHG,A,154,ILE,P02671,173,I,14,65.0,False,-93.509,12.124,-13.943
3GHG,A,155,ASP,P02671,174,D,16,60.0,False,-94.166,8.362,-13.791
3GHG,A,156,ILE,P02671,175,I,11,72.5,True,-94.914,8.588,-10.109
3GHG,A,157,LYS,P02671,176,K,12,70.0,False,-97.104,11.657,-10.57
3GHG,A,158,ILE,P02671,177,I,14,65.0,False,-99.1,10.245,-13.418
3GHG,A,159,ARG,P02671,178,R,14,65.0,False,-99.664,6.961,-11.591
3GHG,A,160,SER,P02671,179,S,12,70.0,False,-100.57,8.951,-8.469
3GHG,A,161,CYS,P02671,180,C,13,67.5,False,-103.559,10.297,-10.442
3GHG,A,162,ARG,P02671,181,R,12,70.0,False,-105.24,6.879,-10.31
3GHG,A,163,GLY,P02671,182,G,9,77.5,True,-107.08,7.855,-7.098
3GHG,A,164,SER,P02671,183,S,8,80.0,True,-108.264,11.352,-8.206
3GHG,A,165,CYS,P02671,184,C,8,80.0,True,-109.031,11.139,-11.958
3GHG,A,166,SER,P02671,185,S,8,80.0,True,-110.883,8.39,-13.859
3GHG,A,167,ARG,P02671,186,R,10,75.0,True,-108.286,6.979,-16.256
3GHG,A,168,ALA,P02671,187,A,14,65.0,False,-104.533,7.283,-15.613
3GHG,A,169,LEU,P02671,188,L,11,72.5,True,-102.217,7.083,-18.567
3GHG,A,170,ALA,P02671,189,A,8,80.0,True,-100.573,3.668,-18.813
3GHG,A,171,ARG,P02671,190,R,9,77.5,True,-96.919,3.851,-19.767
3GHG,A,172,GLU,P02671,191,E,7,82.5,True,-93.652,2.011,-19.161
3GHG,A,173,VAL,P02671,192,V,12,70.0,False,-90.41,3.859,-18.321
3GHG,A,174,ASP,P02671,193,D,11,72.5,True,-87.368,2.645,-20.307
3GHG,A,175,LEU,P02671,194,L,14,65.0,False,-84.63,3.728,-17.914
3GHG,A,176,LYS,P02671,195,K,8,80.0,True,-82.704,0.732,-19.288
3GHG,A,177,ASP,P02671,196,D,11,72.5,True,-82.041,3.189,-22.164
3GHG,A,178,TYR,P02671,197,Y,16,60.0,False,-81.092,6.048,-19.801
3GHG,A,179,GLU,P02671,198,E,14,65.0,False,-78.551,3.867,-17.913
3GHG,A,180,ASP,P02671,199,D,11,72.5,True,-76.806,2.722,-21.106
3GHG,A,181,GLN,P02671,200,Q,14,65.0,False,-76.651,6.32,-22.29
3GHG,A,182,GLN,P02671,201,Q,14,65.0,False,-74.918,7.093,-18.943
3GHG,A,183,LYS,P02671,202,K,11,72.5,True,-72.785,3.891,-18.608
3GHG,A,184,GLN,P02671,203,Q,11,72.5,True,-71.875,4.373,-22.265
3GHG,A,185,LEU,P02671,204,L,14,65.0,False,-71.259,8.094,-21.72
3GHG,A,186,GLU,P02671,205,E,13,67.5,False,-69.036,7.801,-18.613
3GHG,A,187,GLN,P02671,206,Q,10,75.0,True,-66.862,5.459,-20.666
3GHG,A,188,VAL,P02671,207,V,11,72.5,True,-66.038,8.553,-22.795
3GHG,A,189,ILE,P02671,208,I,14,65.0,False,-65.605,11.593,-20.487
3GHG,A,190,ALA,P02671,209,A,10,75.0,True,-63.021,10.099,-18.107
3GHG,A,191,LYS,P02671,210,K,8,80.0,True,-60.211,10.033,-20.737
3GHG,A,192,ASP,P02671,211,D,10,75.0,True,-59.526,13.207,-22.665
3GHG,A,193,LEU,P02671,212,L,11,72.5,True,-57.503,16.025,-21.097
3GHG,A,194,LEU,P02671,213,L,9,77.5,True,-54.256,15.85,-23.197
3GHG,A,195,PRO,P02671,214,P,6,85.0,True,-51.752,16.611,-20.393
3GHG,A,196,SER,P02671,215,S,6,85.0,True,-48.177,15.215,-20.396
3GHG,A,197,ARG,P02671,216,R,6,85.0,True,-46.949,16.803,-23.672
3GHG,A,198,ASP,P02671,217,D,6,85.0,True,-47.19,20.483,-22.669
3GHG,A,199,ARG,P02671,218,R,5,87.5,True,-43.928,22.074,-23.804
3GHG,A,200,GLN,P02671,219,Q,5,87.5,True,-41.62,21.935,-26.858
3GHG,D,27,ALA,P02671,46,A,8,80.0,True,51.889,-4.147,-53.896
3GHG,D,28,CYS,P02671,47,C,11,72.5,True,52.376,-1.34,-56.44
3GHG,D,29,LYS,P02671,48,K,9,77.5,True,55.272,-3.462,-57.789
3GHG,D,30,ASP,P02671,49,D,8,80.0,True,52.778,-5.487,-59.843
3GHG,D,31,SER,P02671,50,S,8,80.0,True,53.517,-3.372,-62.911
3GHG,D,32,ASP,P02671,51,D,7,82.5,True,49.93,-2.85,-64.062
3GHG,D,33,TRP,P02671,52,W,8,80.0,True,51.087,0.511,-65.397
3GHG,D,34,PRO,P02671,53,P,6,85.0,True,51.426,1.49,-69.113
3GHG,D,35,PHE,P02671,54,F,8,80.0,True,54.693,2.767,-70.646
3GHG,D,36,CYS,P02671,55,C,10,75.0,True,55.901,6.36,-70.357
3GHG,D,37,SER,P02671,56,S,8,80.0,True,55.94,8.283,-73.597
3GHG,D,38,ASP,P02671,57,D,7,82.5,True,58.281,11.249,-74.135
3GHG,D,39,GLU,P02671,58,E,8,80.0,True,55.382,13.646,-73.35
3GHG,D,40,ASP,P02671,59,D,10,75.0,True,54.463,11.621,-70.246
3GHG,D,41,TRP,P02671,60,W,10,75.0,True,57.603,13.351,-68.951
3GHG,D,42,ASN,P02671,61,N,7,82.5,True,56.828,16.796,-67.459
3GHG,D,43,TYR,P02671,62,Y,6,85.0,True,53.484,15.326,-66.279
3GHG,D,44,LYS,P02671,63,K,11,72.5,True,54.372,11.917,-64.772
3GHG,D,45,CYS,P02671,64,C,12,70.0,False,57.449,12.26,-62.532
3GHG,D,46,PRO,P02671,65,P,10,75.0,True,59.363,9.883,-60.124
3GHG,D,47,SER,P02671,66,S,13,67.5,False,59.263,9.446,-56.294
3GHG,D,48,GLY,P02671,67,G,14,65.0,False,61.317,11.734,-54.046
3GHG,D,49,CYS,P02671,68,C,12,70.0,False,62.656,8.738,-52.133
3GHG,D,50,ARG,P02671,69,R,10,75.0,True,63.95,6.875,-55.148
3GHG,D,51,MET,P02671,70,M,12,70.0,False,65.104,10.203,-56.587
3GHG,D,52,LYS,P02671,71,K,11,72.5,True,66.7,11.076,-53.258
3GHG,D,53,GLY,P02671,72,G,12,70.0,False,68.407,7.65,-53.353
3GHG,D,54,LEU,P02671,73,L,12,70.0,False,69.979,8.247,-56.779
3GHG,D,55,ILE,P02671,74,I,12,70.0,False,70.932,11.827,-55.782
3GHG,D,56,ASP,P02671,75,D,13,67.5,False,72.948,10.166,-53.013
3GHG,D,57,GLU,P02671,76,E,12,70.0,False,74.323,7.235,-55.081
3GHG,D,58,VAL,P02671,77,V,11,72.5,True,75.416,9.82,-57.652
3GHG,D,59,ASN,P02671,78,N,12,70.0,False,76.815,12.135,-54.942
3GHG,D,60,GLN,P02671,79,Q,12,70.0,False,78.592,9.305,-53.091
3GHG,D,61,ASP,P02671,80,D,11,72.5,True,80.49,8.464,-56.291
3GHG,D,62,PHE,P02671,81,F,11,72.5,True,81.356,12.102,-57.167
3GHG,D,63,THR,P02671,82,T,12,70.0,False,82.541,12.553,-53.57
3GHG,D,64,ASN,P02671,83,N,11,72.5,True,84.52,9.336,-52.85
3GHG,D,65,ARG,P02671,84,R,12,70.0,False,85.761,9.308,-56.46
3GHG,D,66,ILE,P02671,85,I,12,70.0,False,87.21,12.782,-55.684
3GHG,D,67,ASN,P02671,86,N,11,72.5,True,88.808,11.193,-52.593
3GHG,D,68,LYS,P02671,87,K,10,75.0,True,91.153,8.952,-54.648
3GHG,D,69,LEU,P02671,88,L,11,72.5,True,92.026,12.049,-56.756
3GHG,D,70,LYS,P02671,89,K,11,72.5,True,92.755,14.493,-53.893
3GHG,D,71,ASN,P02671,90,N,11,72.5,True,94.582,11.499,-52.387
3GHG,D,72,SER,P02671,91,S,11,72.5,True,96.705,10.848,-55.5
3GHG,D,73,LEU,P02671,92,L,10,75.0,True,97.769,14.534,-55.941
3GHG,D,74,PHE,P02671,93,F,11,72.5,True,100.02,14.212,-52.886
3GHG,D,75,GLU,P02671,94,E,11,72.5,True,101.061,10.659,-53.948
3GHG,D,76,TYR,P02671,95,Y,10,75.0,True,102.75,12.493,-56.867
3GHG,D,77,GLN,P02671,96,Q,10,75.0,True,104.164,15.442,-54.813
3GHG,D,78,LYS,P02671,97,K,10,75.0,True,106.245,13.147,-52.533
3GHG,D,79,ASN,P02671,98,N,10,75.0,True,107.362,11.075,-55.518
3GHG,D,80,ASN,P02671,99,N,11,72.5,True,108.206,14.532,-56.984
3GHG,D,81,LYS,P02671,100,K,10,75.0,True,110.81,15.145,-54.216
3GHG,D,82,ASP,P02671,101,D,10,75.0,True,112.706,12.035,-55.436
3GHG,D,83,SER,P02671,102,S,11,72.5,True,112.956,13.253,-59.057
3GHG,D,84,HIS,P02671,103,H,11,72.5,True,113.835,16.865,-58.176
3GHG,D,85,SER,P02671,104,S,11,72.5,True,116.755,15.345,-56.2
3GHG,D,86,LEU,P02671,105,L,11,72.5,True,117.91,13.227,-59.185
3GHG,D,87,THR,P02671,106,T,11,72.5,True,117.732,16.328,-61.438
3GHG,D,88,THR,P02671,107,T,11,72.5,True,119.845,18.57,-59.138
3GHG,D,89,ASN,P02671,108,N,12,70.0,False,122.255,15.629,-58.657
3GHG,D,90,ILE,P02671,109,I,11,72.5,True,122.444,15.201,-62.454
3GHG,D,91,MET,P02671,110,M,11,72.5,True,122.616,19.032,-62.868
3GHG,D,92,GLU,P02671,111,E,12,70.0,False,125.652,19.105,-60.521
3GHG,D,93,ILE,P02671,112,I,11,72.5,True,127.6,15.854,-61.242
3GHG,D,94,LEU,P02671,113,L,12,70.0,False,127.9,17.286,-64.789
3GHG,D,95,ARG,P02671,114,R,12,70.0,False,128.758,20.872,-63.684
3GHG,D,96,GLY,P02671,115,G,10,75.0,True,131.766,19.223,-61.967
3GHG,D,97,ASP,P02671,116,D,9,77.5,True,132.516,17.165,-65.123
3GHG,D,98,PHE,P02671,117,F,11,72.5,True,132.018,20.403,-67.204
3GHG,D,99,SER,P02671,118,S,10,75.0,True,134.42,22.828,-65.467
3GHG,D,100,SER,P02671,119,S,11,72.5,True,136.822,20.01,-66.32
3GHG,D,101,ALA,P02671,120,A,11,72.5,True,136.017,20.332,-70.054
3GHG,D,102,ASN,P02671,121,N,10,75.0,True,138.249,23.355,-70.828
3GHG,D,103,ASN,P02671,122,N,10,75.0,True,140.443,24.546,-67.886
3GHG,D,104,ARG,P02671,123,R,10,75.0,True,142.406,21.255,-67.699
3GHG,D,105,ASP,P02671,124,D,12,70.0,False,142.805,20.662,-71.452
3GHG,D,106,ASN,P02671,125,N,11,72.5,True,144.476,24.09,-71.727
3GHG,D,107,THR,P02671,126,T,10,75.0,True,146.859,22.994,-68.92
3GHG,D,108,TYR,P02671,127,Y,13,67.5,False,147.469,19.758,-70.883
3GHG,D,109,ASN,P02671,128,N,12,70.0,False,147.499,21.168,-74.449
3GHG,D,110,ARG,P02671,129,R,12,70.0,False,150.372,23.612,-73.756
3GHG,D,111,VAL,P02671,130,V,12,70.0,False,151.904,20.644,-71.869
3GHG,D,112,SER,P02671,131,S,13,67.5,False,151.214,18.568,-75.016
3GHG,D,113,GLU,P02671,132,E,12,70.0,False,153.143,21.383,-76.759
3GHG,D,114,ASP,P02671,133,D,12,70.0,False,155.915,20.739,-74.195
3GHG,D,115,LEU,P02671,134,L,12,70.0,False,155.892,17.028,-75.17
3GHG,D,116,ARG,P02671,135,R,14,65.0,False,155.617,17.722,-78.96
3GHG,D,117,SER,P02671,136,S,12,70.0,False,156.673,21.314,-79.938
3GHG,D,118,ARG,P02671,137,R,12,70.0,False,160.102,20.882,-78.254
3GHG,D,119,ILE,P02671,138,I,13,67.5,False,160.709,17.239,-79.361
3GHG,D,120,GLU,P02671,139,E,15,62.5,False,160.411,18.745,-82.898
3GHG,D,121,VAL,P02671,140,V,10,75.0,True,162.725,21.728,-82.147
3GHG,D,122,LEU,P02671,141,L,12,70.0,False,165.156,19.123,-80.735
3GHG,D,123,LYS,P02671,142,K,14,65.0,False,165.042,16.136,-83.154
3GHG,D,124,ARG,P02671,143,R,12,70.0,False,165.806,18.599,-85.994
3GHG,D,125,LYS,P02671,144,K,11,72.5,True,168.837,19.668,-83.951
3GHG,D,126,VAL,P02671,145,V,13,67.5,False,169.812,16.037,-83.074
3GHG,D,127,ILE,P02671,146,I,13,67.5,False,169.502,14.817,-86.724
3GHG,D,128,GLU,P02671,147,E,11,72.5,True,171.897,17.644,-87.741
3GHG,D,129,LYS,P02671,148,K,12,70.0,False,174.357,16.054,-85.243
3GHG,D,130,VAL,P02671,149,V,14,65.0,False,173.724,12.378,-86.148
3GHG,D,131,GLN,P02671,150,Q,12,70.0,False,174.576,13.706,-89.624
3GHG,D,132,HIS,P02671,151,H,12,70.0,False,178.051,14.68,-88.381
3GHG,D,133,ILE,P02671,152,I,14,65.0,False,178.492,11.279,-86.737
3GHG,D,134,GLN,P02671,153,Q,14,65.0,False,177.954,9.576,-90.089
3GHG,D,135,LEU,P02671,154,L,11,72.5,True,179.811,12.363,-91.951
3GHG,D,136,LEU,P02671,155,L,12,70.0,False,182.887,11.912,-89.792
3GHG,D,137,GLN,P02671,156,Q,17,57.5,False,182.322,8.102,-89.85
3GHG,D,138,LYS,P02671,157,K,13,67.5,False,183.05,8.319,-93.575
3GHG,D,139,ASN,P02671,158,N,11,72.5,True,186.054,10.623,-93.187
3GHG,D,140,VAL,P02671,159,V,15,62.5,False,187.469,7.993,-90.854
3GHG,D,141,ARG,P02671,160,R,14,65.0,False,186.682,5.099,-93.195
3GHG,D,142,ALA,P02671,161,A,11,72.5,True,188.595,7.181,-95.794
3GHG,D,143,GLN,P02671,162,Q,12,70.0,False,191.501,7.868,-93.375
3GHG,D,144,LEU,P02671,163,L,15,62.5,False,191.704,4.437,-91.636
3GHG,D,145,VAL,P02671,164,V,14,65.0,False,192.694,2.552,-94.818
3GHG,D,146,ASP,P02671,165,D,12,70.0,False,194.922,5.381,-96.1
3GHG,D,147,MET,P02671,166,M,12,70.0,False,197.056,5.055,-92.939
3GHG,D,148,LYS,P02671,167,K,15,62.5,False,196.977,1.301,-93.5
3GHG,D,149,ARG,P02671,168,R,12,70.0,False,198.181,2.05,-97.039
3GHG,D,150,LEU,P02671,169,L,12,70.0,False,200.885,4.489,-95.896
3GHG,D,151,GLU,P02671,170,E,15,62.5,False,201.995,2.011,-93.218
3GHG,D,152,VAL,P02671,171,V,14,65.0,False,203.0,-0.691,-95.722
3GHG,D,153,ASP,P02671,172,D,12,70.0,False,203.783,1.823,-98.513
3GHG,D,154,ILE,P02671,173,I,11,72.5,True,206.55,2.82,-96.106
3GHG,D,155,ASP,P02671,174,D,16,60.0,False,207.584,-0.727,-95.095
3GHG,D,156,ILE,P02671,175,I,11,72.5,True,208.478,-0.937,-98.79
3GHG,D,157,LYS,P02671,176,K,12,70.0,False,210.112,2.472,-99.024
3GHG,D,158,ILE,P02671,177,I,16,60.0,False,212.455,1.778,-96.071
3GHG,D,159,ARG,P02671,178,R,16,60.0,False,213.326,-1.785,-96.954
3GHG,D,160,SER,P02671,179,S,12,70.0,False,213.7,-0.083,-100.37
3GHG,D,161,CYS,P02671,180,C,13,67.5,False,216.941,1.585,-99.1
3GHG,D,162,ARG,P02671,181,R,13,67.5,False,218.703,-1.516,-97.839
3GHG,D,163,GLY,P02671,182,G,10,75.0,True,220.498,-1.17,-101.224
3GHG,D,164,SER,P02671,183,S,9,77.5,True,221.008,2.605,-101.306
3GHG,D,165,CYS,P02671,184,C,10,75.0,True,221.928,3.09,-97.627
3GHG,D,166,SER,P02671,185,S,7,82.5,True,224.438,1.851,-95.017
3GHG,D,167,ARG,P02671,186,R,10,75.0,True,221.835,0.476,-92.66
3GHG,D,168,ALA,P02671,187,A,13,67.5,False,218.181,-0.351,-93.311
3GHG,D,169,LEU,P02671,188,L,10,75.0,True,215.817,-0.288,-90.338
3GHG,D,170,ALA,P02671,189,A,10,75.0,True,214.454,-3.826,-89.746
3GHG,D,171,ARG,P02671,190,R,9,77.5,True,210.993,-3.798,-88.199
3GHG,D,172,GLU,P02671,191,E,7,82.5,True,207.767,-5.809,-88.227
3GHG,D,173,VAL,P02671,192,V,10,75.0,True,204.536,-3.859,-88.876
3GHG,D,174,ASP,P02671,193,D,11,72.5,True,201.382,-4.77,-86.936
3GHG,D,175,LEU,P02671,194,L,11,72.5,True,198.71,-5.302,-89.614
3GHG,D,176,LYS,P02671,195,K,9,77.5,True,196.839,-7.657,-87.265
3GHG,D,177,ASP,P02671,196,D,10,75.0,True,195.804,-4.604,-85.204
3GHG,D,178,TYR,P02671,197,Y,14,65.0,False,194.609,-2.604,-88.252
3GHG,D,179,GLU,P02671,198,E,13,67.5,False,192.43,-5.505,-89.547
3GHG,D,180,ASP,P02671,199,D,11,72.5,True,190.762,-5.844,-86.112
3GHG,D,181,GLN,P02671,200,Q,12,70.0,False,190.094,-2.13,-85.572
3GHG,D,182,GLN,P02671,201,Q,16,60.0,False,189.027,-1.741,-89.226
3GHG,D,183,LYS,P02671,202,K,11,72.5,True,186.678,-4.745,-88.908
3GHG,D,184,GLN,P02671,203,Q,11,72.5,True,184.967,-3.465,-85.759
3GHG,D,185,LEU,P02671,204,L,15,62.5,False,184.804,0.081,-87.223
3GHG,D,186,GLU,P02671,205,E,13,67.5,False,182.889,-1.276,-90.229
3GHG,D,187,GLN,P02671,206,Q,10,75.0,True,180.712,-3.534,-88.013
3GHG,D,188,VAL,P02671,207,V,10,75.0,True,179.036,-0.419,-86.551
3GHG,D,189,ILE,P02671,208,I,15,62.5,False,179.356,2.418,-89.158
3GHG,D,190,ALA,P02671,209,A,10,75.0,True,176.028,1.419,-90.719
3GHG,D,191,LYS,P02671,210,K,8,80.0,True,173.645,-0.181,-88.22
3GHG,D,192,ASP,P02671,211,D,7,82.5,True,171.23,2.416,-86.806
3GHG,D,193,LEU,P02671,212,L,12,70.0,False,171.204,5.939,-88.352
3GHG,D,194,LEU,P02671,213,L,9,77.5,True,167.362,6.187,-87.714
3GHG,D,195,PRO,P02671,214,P,6,85.0,True,165.612,5.614,-91.141
3GHG,D,196,SER,P02671,215,S,7,82.5,True,161.857,4.961,-90.711
3GHG,D,197,ARG,P02671,216,R,6,85.0,True,159.998,7.396,-88.404
3GHG,D,198,ASP,P02671,217,D,8,80.0,True,160.81,10.852,-89.843
3GHG,D,199,ARG,P02671,218,R,6,85.0,True,157.569,12.165,-88.337
3GHG,D,200,GLN,P02671,219,Q,6,85.0,True,155.554,10.659,-85.447
3GHG,G,27,ALA,P02671,46,A,8,80.0,True,91.121,-60.119,-89.788
3GHG,G,28,CYS,P02671,47,C,9,77.5,True,91.629,-57.078,-87.49
3GHG,G,29,LYS,P02671,48,K,9,77.5,True,88.027,-57.094,-86.128
3GHG,G,30,ASP,P02671,49,D,8,80.0,True,88.808,-58.984,-82.881
3GHG,G,31,SER,P02671,50,S,7,82.5,True,89.662,-57.171,-79.623
3GHG,G,32,ASP,P02671,51,D,7,82.5,True,93.168,-56.359,-80.927
3GHG,G,33,TRP,P02671,52,W,8,80.0,True,92.85,-52.673,-79.991
3GHG,G,34,PRO,P02671,53,P,5,87.5,True,92.966,-50.424,-76.871
3GHG,G,35,PHE,P02671,54,F,6,85.0,True,90.152,-48.101,-75.731
3GHG,G,36,CYS,P02671,55,C,9,77.5,True,89.857,-44.322,-76.126
3GHG,G,37,SER,P02671,56,S,6,85.0,True,89.346,-41.672,-73.445
3GHG,G,38,ASP,P02671,57,D,6,85.0,True,88.234,-38.081,-74.194
3GHG,G,39,GLU,P02671,58,E,8,80.0,True,91.527,-36.433,-75.258
3GHG,G,40,ASP,P02671,59,D,10,75.0,True,92.183,-39.389,-77.599
3GHG,G,41,TRP,P02671,60,W,10,75.0,True,89.462,-37.918,-79.823
3GHG,G,42,ASN,P02671,61,N,8,80.0,True,90.715,-35.475,-82.509
3GHG,G,43,TYR,P02671,62,Y,6,85.0,True,94.174,-37.089,-82.449
3GHG,G,44,LYS,P02671,63,K,10,75.0,True,92.429,-40.374,-83.283
3GHG,G,45,CYS,P02671,64,C,10,75.0,True,89.538,-40.114,-85.78
3GHG,G,46,PRO,P02671,65,P,11,72.5,True,87.096,-42.321,-87.843
3GHG,G,47,SER,P02671,66,S,12,70.0,False,87.368,-43.6,-91.451
3GHG,G,48,GLY,P02671,67,G,14,65.0,False,85.202,-42.257,-94.292
3GHG,G,49,CYS,P02671,68,C,10,75.0,True,83.715,-45.648,-95.286
3GHG,G,50,ARG,P02671,69,R,9,77.5,True,82.171,-45.916,-91.824
3GHG,G,51,MET,P02671,70,M,11,72.5,True,81.377,-42.186,-91.676
3GHG,G,52,LYS,P02671,71,K,11,72.5,True,79.875,-41.967,-95.158
3GHG,G,53,GLY,P02671,72,G,10,75.0,True,77.7,-44.963,-94.228
3GHG,G,54,LEU,P02671,73,L,12,70.0,False,76.332,-42.998,-91.238
3GHG,G,55,ILE,P02671,74,I,11,72.5,True,75.872,-39.735,-93.186
3GHG,G,56,ASP,P02671,75,D,11,72.5,True,73.694,-41.515,-95.744
3GHG,G,57,GLU,P02671,76,E,11,72.5,True,71.851,-43.361,-92.965
3GHG,G,58,VAL,P02671,77,V,11,72.5,True,70.996,-39.866,-91.729
3GHG,G,59,ASN,P02671,78,N,11,72.5,True,69.883,-38.56,-95.143
3GHG,G,60,GLN,P02671,79,Q,12,70.0,False,67.795,-41.675,-95.839
3GHG,G,61,ASP,P02671,80,D,11,72.5,True,65.969,-41.187,-92.51
3GHG,G,62,PHE,P02671,81,F,13,67.5,False,65.11,-37.554,-93.254
3GHG,G,63,THR,P02671,82,T,11,72.5,True,64.15,-38.08,-96.932
3GHG,G,64,ASN,P02671,83,N,11,72.5,True,61.659,-40.905,-96.227
3GHG,G,65,ARG,P02671,84,R,12,70.0,False,60.484,-39.104,-93.071
3GHG,G,66,ILE,P02671,85,I,12,70.0,False,59.896,-36.001,-95.194
3GHG,G,67,ASN,P02671,86,N,12,70.0,False,58.084,-38.27,-97.735
3GHG,G,68,LYS,P02671,87,K,11,72.5,True,55.879,-39.524,-94.892
3GHG,G,69,LEU,P02671,88,L,12,70.0,False,55.411,-35.914,-93.658
3GHG,G,70,LYS,P02671,89,K,11,72.5,True,54.399,-34.333,-96.999
3GHG,G,71,ASN,P02671,90,N,11,72.5,True,52.307,-37.405,-97.943
3GHG,G,72,SER,P02671,91,S,11,72.5,True,49.934,-36.77,-95.026
3GHG,G,73,LEU,P02671,92,L,12,70.0,False,50.317,-32.948,-94.878
3GHG,G,74,PHE,P02671,93,F,11,72.5,True,48.335,-32.458,-98.099
3GHG,G,75,GLU,P02671,94,E,10,75.0,True,45.503,-34.846,-97.125
3GHG,G,76,TYR,P02671,95,Y,11,72.5,True,44.573,-32.546,-94.195
3GHG,G,77,GLN,P02671,96,Q,10,75.0,True,44.753,-29.288,-96.198
3GHG,G,78,LYS,P02671,97,K,10,75.0,True,42.137,-30.741,-98.505
3GHG,G,79,ASN,P02671,98,N,11,72.5,True,40.474,-32.355,-95.448
3GHG,G,80,ASN,P02671,99,N,11,72.5,True,40.268,-28.961,-93.658
3GHG,G,81,LYS,P02671,100,K,11,72.5,True,38.634,-27.526,-96.787
3GHG,G,82,ASP,P02671,101,D,12,70.0,False,35.983,-30.316,-96.753
3GHG,G,83,SER,P02671,102,S,11,72.5,True,34.951,-29.674,-93.136
3GHG,G,84,HIS,P02671,103,H,11,72.5,True,34.689,-25.903,-93.784
3GHG,G,85,SER,P02671,104,S,11,72.5,True,32.35,-26.236,-96.806
3GHG,G,86,LEU,P02671,105,L,11,72.5,True,30.114,-28.676,-94.852
3GHG,G,87,THR,P02671,106,T,12,70.0,False,30.087,-26.255,-91.9
3GHG,G,88,THR,P02671,107,T,11,72.5,True,29.323,-23.367,-94.276
3GHG,G,89,ASN,P02671,108,N,11,72.5,True,26.589,-25.412,-95.983
3GHG,G,90,ILE,P02671,109,I,12,70.0,False,24.781,-26.53,-92.821
3GHG,G,91,MET,P02671,110,M,12,70.0,False,24.947,-22.921,-91.548
3GHG,G,92,GLU,P02671,111,E,11,72.5,True,22.843,-22.008,-94.618
3GHG,G,93,ILE,P02671,112,I,11,72.5,True,20.448,-24.955,-94.139
3GHG,G,94,LEU,P02671,113,L,12,70.0,False,19.625,-24.37,-90.477
3GHG,G,95,ARG,P02671,114,R,11,72.5,True,19.819,-20.542,-90.444
3GHG,G,96,GLY,P02671,115,G,12,70.0,False,16.889,-20.913,-92.853
3GHG,G,97,ASP,P02671,116,D,12,70.0,False,15.144,-23.28,-90.386
3GHG,G,98,PHE,P02671,117,F,12,70.0,False,15.095,-20.675,-87.559
3GHG,G,99,SER,P02671,118,S,10,75.0,True,13.981,-17.572,-89.46
3GHG,G,100,SER,P02671,119,S,12,70.0,False,11.242,-19.788,-90.928
3GHG,G,101,ALA,P02671,120,A,12,70.0,False,10.564,-22.126,-87.964
3GHG,G,102,ASN,P02671,121,N,12,70.0,False,10.352,-19.177,-85.526
3GHG,G,103,ASN,P02671,122,N,11,72.5,True,7.904,-17.122,-87.656
3GHG,G,104,ARG,P02671,123,R,11,72.5,True,5.668,-20.217,-88.048
3GHG,G,105,ASP,P02671,124,D,11,72.5,True,5.886,-20.886,-84.315
3GHG,G,106,ASN,P02671,125,N,11,72.5,True,5.197,-17.115,-83.945
3GHG,G,107,THR,P02671,126,T,10,75.0,True,1.89,-17.189,-85.892
3GHG,G,108,TYR,P02671,127,Y,13,67.5,False,0.561,-20.255,-84.004
3GHG,G,109,ASN,P02671,128,N,11,72.5,True,1.078,-18.839,-80.481
3GHG,G,110,ARG,P02671,129,R,11,72.5,True,-0.888,-15.701,-81.493
3GHG,G,111,VAL,P02671,130,V,11,72.5,True,-3.748,-17.851,-82.771
3GHG,G,112,SER,P02671,131,S,11,72.5,True,-3.807,-20.375,-79.889
3GHG,G,113,GLU,P02671,132,E,11,72.5,True,-3.264,-17.658,-77.256
3GHG,G,114,ASP,P02671,133,D,11,72.5,True,-5.901,-15.356,-78.75
3GHG,G,115,LEU,P02671,134,L,12,70.0,False,-8.017,-18.471,-79.373
3GHG,G,116,ARG,P02671,135,R,12,70.0,False,-7.719,-19.658,-75.767
3GHG,G,117,SER,P02671,136,S,11,72.5,True,-8.751,-16.128,-74.736
3GHG,G,118,ARG,P02671,137,R,11,72.5,True,-11.944,-16.248,-76.883
3GHG,G,119,ILE,P02671,138,I,11,72.5,True,-12.845,-19.63,-75.369
3GHG,G,120,GLU,P02671,139,E,11,72.5,True,-12.476,-18.585,-71.731
3GHG,G,121,VAL,P02671,140,V,10,75.0,True,-14.713,-15.554,-72.452
3GHG,G,122,LEU,P02671,141,L,11,72.5,True,-17.36,-17.778,-74.083
3GHG,G,123,LYS,P02671,142,K,11,72.5,True,-17.392,-19.956,-70.943
3GHG,G,124,ARG,P02671,143,R,10,75.0,True,-18.463,-17.201,-68.548
3GHG,G,125,LYS,P02671,144,K,10,75.0,True,-21.61,-17.169,-70.69
3GHG,G,126,VAL,P02671,145,V,11,72.5,True,-22.105,-20.936,-70.935
3GHG,G,127,ILE,P02671,146,I,12,70.0,False,-21.543,-21.317,-67.158
3GHG,G,128,GLU,P02671,147,E,10,75.0,True,-24.218,-18.711,-66.43
3GHG,G,129,LYS,P02671,148,K,12,70.0,False,-26.715,-20.747,-68.489
3GHG,G,130,VAL,P02671,149,V,14,65.0,False,-26.106,-24.146,-66.902
3GHG,G,131,GLN,P02671,150,Q,13,67.5,False,-26.607,-22.244,-63.64
3GHG,G,132,HIS,P02671,151,H,12,70.0,False,-30.013,-20.955,-64.756
3GHG,G,133,ILE,P02671,152,I,13,67.5,False,-31.017,-24.496,-65.686
3GHG,G,134,GLN,P02671,153,Q,15,62.5,False,-30.07,-25.729,-62.204
3GHG,G,135,LEU,P02671,154,L,11,72.5,True,-31.912,-22.699,-60.76
3GHG,G,136,LEU,P02671,155,L,13,67.5,False,-34.902,-23.835,-62.817
3GHG,G,137,GLN,P02671,156,Q,16,60.0,False,-34.382,-27.625,-62.368
3GHG,G,138,LYS,P02671,157,K,14,65.0,False,-35.023,-26.731,-58.714
3GHG,G,139,ASN,P02671,158,N,12,70.0,False,-37.714,-24.076,-59.282
3GHG,G,140,VAL,P02671,159,V,14,65.0,False,-39.785,-26.634,-61.228
3GHG,G,141,ARG,P02671,160,R,16,60.0,False,-39.347,-29.578,-58.841
3GHG,G,142,ALA,P02671,161,A,11,72.5,True,-40.815,-26.998,-56.445
3GHG,G,143,GLN,P02671,162,Q,12,70.0,False,-43.777,-26.301,-58.694
3GHG,G,144,LEU,P02671,163,L,17,57.5,False,-44.194,-29.912,-59.853
3GHG,G,145,VAL,P02671,164,V,14,65.0,False,-44.645,-31.423,-56.367
3GHG,G,146,ASP,P02671,165,D,12,70.0,False,-46.85,-28.43,-55.548
3GHG,G,147,MET,P02671,166,M,13,67.5,False,-49.322,-29.163,-58.357
3GHG,G,148,LYS,P02671,167,K,17,57.5,False,-49.446,-32.775,-57.335
3GHG,G,149,ARG,P02671,168,R,12,70.0,False,-50.417,-31.331,-53.956
3GHG,G,150,LEU,P02671,169,L,12,70.0,False,-52.852,-28.723,-55.287
3GHG,G,151,GLU,P02671,170,E,14,65.0,False,-54.302,-31.284,-57.722
3GHG,G,152,VAL,P02671,171,V,16,60.0,False,-55.077,-33.678,-54.831
3GHG,G,153,ASP,P02671,172,D,12,70.0,False,-56.196,-30.764,-52.607
3GHG,G,154,ILE,P02671,173,I,13,67.5,False,-58.808,-30.206,-55.324
3GHG,G,155,ASP,P02671,174,D,16,60.0,False,-59.749,-33.884,-55.71
3GHG,G,156,ILE,P02671,175,I,10,75.0,True,-60.814,-33.998,-52.038
3GHG,G,157,LYS,P02671,176,K,10,75.0,True,-62.225,-30.46,-51.631
3GHG,G,158,ILE,P02671,177,I,14,65.0,False,-64.341,-31.189,-54.674
3GHG,G,159,ARG,P02671,178,R,15,62.5,False,-65.362,-34.581,-53.365
3GHG,G,160,SER,P02671,179,S,12,70.0,False,-66.003,-32.807,-50.025
3GHG,G,161,CYS,P02671,180,C,13,67.5,False,-69.084,-31.24,-51.724
3GHG,G,162,ARG,P02671,181,R,13,67.5,False,-70.973,-34.385,-52.648
3GHG,G,163,GLY,P02671,182,G,9,77.5,True,-72.71,-33.896,-49.25
3GHG,G,164,SER,P02671,183,S,9,77.5,True,-73.399,-30.162,-49.52
3GHG,G,165,CYS,P02671,184,C,8,80.0,True,-74.343,-29.543,-53.173
3GHG,G,166,SER,P02671,185,S,7,82.5,True,-76.788,-30.769,-55.837
3GHG,G,167,ARG,P02671,186,R,9,77.5,True,-74.222,-32.756,-57.764
3GHG,G,168,ALA,P02671,187,A,13,67.5,False,-70.455,-33.259,-57.293
3GHG,G,169,LEU,P02671,188,L,10,75.0,True,-68.115,-33.768,-60.23
3GHG,G,170,ALA,P02671,189,A,9,77.5,True,-67.024,-37.289,-61.27
3GHG,G,171,ARG,P02671,190,R,9,77.5,True,-63.297,-36.733,-61.832
3GHG,G,172,GLU,P02671,191,E,8,80.0,True,-60.423,-39.142,-61.142
3GHG,G,173,VAL,P02671,192,V,12,70.0,False,-56.724,-38.375,-60.648
3GHG,G,174,ASP,P02671,193,D,11,72.5,True,-53.685,-38.751,-62.927
3GHG,G,175,LEU,P02671,194,L,11,72.5,True,-51.181,-39.62,-60.195
3GHG,G,176,LYS,P02671,195,K,9,77.5,True,-49.516,-41.983,-62.706
3GHG,G,177,ASP,P02671,196,D,10,75.0,True,-48.422,-39.213,-65.124
3GHG,G,178,TYR,P02671,197,Y,15,62.5,False,-47.375,-36.939,-62.275
3GHG,G,179,GLU,P02671,198,E,15,62.5,False,-45.114,-39.67,-60.821
3GHG,G,180,ASP,P02671,199,D,11,72.5,True,-43.614,-40.124,-64.282
3GHG,G,181,GLN,P02671,200,Q,13,67.5,False,-42.96,-36.467,-65.095
3GHG,G,182,GLN,P02671,201,Q,16,60.0,False,-41.683,-36.407,-61.516
3GHG,G,183,LYS,P02671,202,K,11,72.5,True,-39.394,-39.436,-62.075
3GHG,G,184,GLN,P02671,203,Q,11,72.5,True,-38.394,-38.454,-65.623
3GHG,G,185,LEU,P02671,204,L,15,62.5,False,-37.336,-35.015,-64.366
3GHG,G,186,GLU,P02671,205,E,14,65.0,False,-35.649,-36.509,-61.311
3GHG,G,187,GLN,P02671,206,Q,10,75.0,True,-33.605,-38.669,-63.676
3GHG,G,188,VAL,P02671,207,V,10,75.0,True,-31.879,-35.539,-65.046
3GHG,G,189,ILE,P02671,208,I,15,62.5,False,-31.771,-32.907,-62.347
3GHG,G,190,ALA,P02671,209,A,11,72.5,True,-28.481,-33.304,-60.413
3GHG,G,191,LYS,P02671,210,K,8,80.0,True,-26.154,-35.073,-62.885
3GHG,G,192,ASP,P02671,211,D,9,77.5,True,-24.548,-32.484,-65.177
3GHG,G,193,LEU,P02671,212,L,12,70.0,False,-22.767,-29.554,-63.499
3GHG,G,194,LEU,P02671,213,L,10,75.0,True,-19.42,-28.882,-65.353
3GHG,G,195,PRO,P02671,214,P,7,82.5,True,-16.924,-29.762,-62.534
3GHG,G,196,SER,P02671,215,S,6,85.0,True,-13.307,-30.982,-62.055
3GHG,G,197,ARG,P02671,216,R,6,85.0,True,-11.875,-29.38,-65.244
3GHG,G,198,ASP,P02671,217,D,6,85.0,True,-12.63,-26.042,-63.6
3GHG,G,199,ARG,P02671,218,R,5,87.5,True,-9.122,-24.564,-64.101
3GHG,G,200,GLN,P02671,219,Q,3,92.5,True,-6.238,-24.62,-66.653
3GHG,J,27,ALA,P02671,46,A,7,82.5,True,86.576,-60.505,-89.58
3GHG,J,28,CYS,P02671,47,C,8,80.0,True,88.026,-57.219,-90.944
3GHG,J,29,LYS,P02671,48,K,8,80.0,True,89.561,-58.762,-94.113
3GHG,J,30,ASP,P02671,49,D,7,82.5,True,86.517,-58.615,-96.452
3GHG,J,31,SER,P02671,50,S,6,85.0,True,86.752,-57.686,-100.164
3GHG,J,32,ASP,P02671,51,D,5,87.5,True,83.25,-56.722,-101.375
3GHG,J,33,TRP,P02671,52,W,6,85.0,True,84.622,-53.572,-102.942
3GHG,J,34,PRO,P02671,53,P,6,85.0,True,85.497,-52.655,-106.582
3GHG,J,35,PHE,P02671,54,F,5,87.5,True,88.948,-51.823,-108.059
3GHG,J,36,CYS,P02671,55,C,9,77.5,True,90.203,-48.231,-107.57
3GHG,J,37,SER,P02671,56,S,7,82.5,True,90.784,-45.883,-110.504
3GHG,J,38,ASP,P02671,57,D,7,82.5,True,92.865,-42.667,-110.768
3GHG,J,39,GLU,P02671,58,E,8,80.0,True,90.596,-39.935,-109.352
3GHG,J,40,ASP,P02671,59,D,10,75.0,True,89.472,-42.279,-106.553
3GHG,J,41,TRP,P02671,60,W,10,75.0,True,92.932,-41.42,-105.2
3GHG,J,42,ASN,P02671,61,N,7,82.5,True,92.968,-37.854,-103.793
3GHG,J,43,TYR,P02671,62,Y,7,82.5,True,89.271,-38.489,-102.922
3GHG,J,44,LYS,P02671,63,K,11,72.5,True,89.508,-41.963,-101.316
3GHG,J,45,CYS,P02671,64,C,11,72.5,True,92.63,-42.495,-99.173
3GHG,J,46,PRO,P02671,65,P,10,75.0,True,93.865,-45.259,-96.829
3GHG,J,47,SER,P02671,66,S,14,65.0,False,93.269,-45.583,-93.094
3GHG,J,48,GLY,P02671,67,G,13,67.5,False,95.685,-43.573,-90.929
3GHG,J,49,CYS,P02671,68,C,11,72.5,True,96.476,-46.762,-89.001
3GHG,J,50,ARG,P02671,69,R,9,77.5,True,98.094,-48.372,-92.035
3GHG,J,51,MET,P02671,70,M,12,70.0,False,99.945,-45.217,-93.047
3GHG,J,52,LYS,P02671,71,K,11,72.5,True,101.291,-45.002,-89.492
3GHG,J,53,GLY,P02671,72,G,11,72.5,True,102.011,-48.752,-89.703
3GHG,J,54,LEU,P02671,73,L,13,67.5,False,104.351,-47.951,-92.602
3GHG,J,55,ILE,P02671,74,I,12,70.0,False,105.736,-44.57,-91.502
3GHG,J,56,ASP,P02671,75,D,11,72.5,True,107.387,-45.799,-88.289
3GHG,J,57,GLU,P02671,76,E,12,70.0,False,108.32,-49.057,-90.055
3GHG,J,58,VAL,P02671,77,V,11,72.5,True,110.123,-47.213,-92.852
3GHG,J,59,ASN,P02671,78,N,10,75.0,True,111.814,-44.926,-90.268
3GHG,J,60,GLN,P02671,79,Q,12,70.0,False,112.91,-48.031,-88.427
3GHG,J,61,ASP,P02671,80,D,12,70.0,False,114.153,-49.511,-91.791
3GHG,J,62,PHE,P02671,81,F,12,70.0,False,116.397,-46.49,-92.313
3GHG,J,63,THR,P02671,82,T,12,70.0,False,117.766,-46.284,-88.724
3GHG,J,64,ASN,P02671,83,N,11,72.5,True,118.704,-50.01,-88.524
3GHG,J,65,ARG,P02671,84,R,11,72.5,True,120.312,-49.947,-91.972
3GHG,J,66,ILE,P02671,85,I,12,70.0,False,121.955,-46.641,-91.022
3GHG,J,67,ASN,P02671,86,N,11,72.5,True,123.33,-47.951,-87.674
3GHG,J,68,LYS,P02671,87,K,11,72.5,True,124.865,-50.947,-89.475
3GHG,J,69,LEU,P02671,88,L,12,70.0,False,126.292,-48.549,-92.108
3GHG,J,70,LYS,P02671,89,K,12,70.0,False,127.772,-46.286,-89.436
3GHG,J,71,ASN,P02671,90,N,11,72.5,True,129.324,-49.418,-87.814
3GHG,J,72,SER,P02671,91,S,11,72.5,True,130.975,-50.29,-91.131
3GHG,J,73,LEU,P02671,92,L,11,72.5,True,132.166,-46.679,-91.677
3GHG,J,74,PHE,P02671,93,F,10,75.0,True,133.874,-46.576,-88.258
3GHG,J,75,GLU,P02671,94,E,11,72.5,True,135.653,-49.804,-89.28
3GHG,J,76,TYR,P02671,95,Y,11,72.5,True,136.993,-48.254,-92.511
3GHG,J,77,GLN,P02671,96,Q,10,75.0,True,138.107,-45.042,-90.784
3GHG,J,78,LYS,P02671,97,K,10,75.0,True,140.252,-46.992,-88.262
3GHG,J,79,ASN,P02671,98,N,11,72.5,True,142.169,-48.615,-91.156
3GHG,J,80,ASN,P02671,99,N,10,75.0,True,142.812,-45.163,-92.714
3GHG,J,81,LYS,P02671,100,K,10,75.0,True,145.118,-44.325,-89.8
3GHG,J,82,ASP,P02671,101,D,10,75.0,True,146.888,-47.699,-89.947
3GHG,J,83,SER,P02671,102,S,11,72.5,True,147.354,-47.513,-93.735
3GHG,J,84,HIS,P02671,103,H,10,75.0,True,148.496,-43.871,-93.624
3GHG,J,85,SER,P02671,104,S,12,70.0,False,151.057,-44.892,-91.018
3GHG,J,86,LEU,P02671,105,L,11,72.5,True,152.511,-47.557,-93.355
3GHG,J,87,THR,P02671,106,T,11,72.5,True,152.674,-45.307,-96.443
3GHG,J,88,THR,P02671,107,T,10,75.0,True,154.276,-42.479,-94.447
3GHG,J,89,ASN,P02671,108,N,12,70.0,False,156.803,-45.135,-93.306
3GHG,J,90,ILE,P02671,109,I,11,72.5,True,157.677,-46.33,-96.814
3GHG,J,91,MET,P02671,110,M,11,72.5,True,157.488,-42.686,-98.078
3GHG,J,92,GLU,P02671,111,E,11,72.5,True,160.096,-41.625,-95.461
3GHG,J,93,ILE,P02671,112,I,11,72.5,True,162.492,-44.631,-95.181
3GHG,J,94,LEU,P02671,113,L,11,72.5,True,163.037,-44.8,-98.967
3GHG,J,95,ARG,P02671,114,R,12,70.0,False,163.446,-41.046,-99.414
3GHG,J,96,GLY,P02671,115,G,11,72.5,True,166.08,-41.23,-96.659
3GHG,J,97,ASP,P02671,116,D,10,75.0,True,167.935,-43.824,-98.769
3GHG,J,98,PHE,P02671,117,F,11,72.5,True,167.946,-41.758,-101.989
3GHG,J,99,SER,P02671,118,S,10,75.0,True,169.25,-38.57,-100.426
3GHG,J,100,SER,P02671,119,S,11,72.5,True,171.939,-40.728,-98.816
3GHG,J,101,ALA,P02671,120,A,13,67.5,False,172.785,-42.423,-102.125
3GHG,J,102,ASN,P02671,121,N,11,72.5,True,172.907,-39.085,-103.979
3GHG,J,103,ASN,P02671,122,N,10,75.0,True,175.37,-37.526,-101.545
3GHG,J,104,ARG,P02671,123,R,11,72.5,True,177.285,-40.816,-101.352
3GHG,J,105,ASP,P02671,124,D,11,72.5,True,177.691,-41.405,-105.091
3GHG,J,106,ASN,P02671,125,N,10,75.0,True,178.206,-37.755,-106.034
3GHG,J,107,THR,P02671,126,T,11,72.5,True,181.214,-38.5,-103.802
3GHG,J,108,TYR,P02671,127,Y,12,70.0,False,182.065,-41.762,-105.552
3GHG,J,109,ASN,P02671,128,N,10,75.0,True,182.04,-39.812,-108.799
3GHG,J,110,ARG,P02671,129,R,10,75.0,True,184.267,-36.953,-107.567
3GHG,J,111,VAL,P02671,130,V,11,72.5,True,186.915,-39.555,-106.762
3GHG,J,112,SER,P02671,131,S,10,75.0,True,186.954,-40.751,-110.337
3GHG,J,113,GLU,P02671,132,E,11,72.5,True,187.55,-37.171,-111.601
3GHG,J,114,ASP,P02671,133,D,10,75.0,True,190.594,-36.841,-109.314
3GHG,J,115,LEU,P02671,134,L,11,72.5,True,192.047,-40.162,-110.502
3GHG,J,116,ARG,P02671,135,R,12,70.0,False,191.689,-39.21,-114.174
3GHG,J,117,SER,P02671,136,S,10,75.0,True,193.41,-35.803,-113.656
3GHG,J,118,ARG,P02671,137,R,10,75.0,True,196.413,-37.571,-112.104
3GHG,J,119,ILE,P02671,138,I,13,67.5,False,196.463,-40.107,-114.961
3GHG,J,120,GLU,P02671,139,E,11,72.5,True,196.269,-37.523,-117.812
3GHG,J,121,VAL,P02671,140,V,11,72.5,True,199.204,-35.908,-115.981
3GHG,J,122,LEU,P02671,141,L,12,70.0,False,201.305,-39.119,-116.1
3GHG,J,123,LYS,P02671,142,K,12,70.0,False,200.603,-40.138,-119.751
3GHG,J,124,ARG,P02671,143,R,10,75.0,True,202.38,-36.987,-120.869
3GHG,J,125,LYS,P02671,144,K,12,70.0,False,205.118,-37.993,-118.393
3GHG,J,126,VAL,P02671,145,V,13,67.5,False,205.278,-41.764,-119.088
3GHG,J,127,ILE,P02671,146,I,14,65.0,False,205.56,-41.122,-122.841
3GHG,J,128,GLU,P02671,147,E,12,70.0,False,208.484,-38.724,-122.397
3GHG,J,129,LYS,P02671,148,K,11,72.5,True,210.429,-41.372,-120.487
3GHG,J,130,VAL,P02671,149,V,14,65.0,False,209.341,-44.045,-122.971
3GHG,J,131,GLN,P02671,150,Q,13,67.5,False,210.112,-41.587,-125.818
3GHG,J,132,HIS,P02671,151,H,11,72.5,True,213.645,-41.243,-124.51
3GHG,J,133,ILE,P02671,152,I,14,65.0,False,213.961,-45.045,-124.209
3GHG,J,134,GLN,P02671,153,Q,15,62.5,False,212.724,-45.551,-127.783
3GHG,J,135,LEU,P02671,154,L,10,75.0,True,215.334,-43.147,-129.209
3GHG,J,136,LEU,P02671,155,L,12,70.0,False,218.09,-44.381,-126.92
3GHG,J,137,GLN,P02671,156,Q,15,62.5,False,217.323,-48.026,-127.823
3GHG,J,138,LYS,P02671,157,K,13,67.5,False,217.859,-47.155,-131.488
3GHG,J,139,ASN,P02671,158,N,11,72.5,True,220.942,-45.049,-130.747
3GHG,J,140,VAL,P02671,159,V,13,67.5,False,222.744,-47.895,-128.973
3GHG,J,141,ARG,P02671,160,R,14,65.0,False,222.383,-50.42,-131.783
3GHG,J,142,ALA,P02671,161,A,11,72.5,True,223.637,-47.672,-134.142
3GHG,J,143,GLN,P02671,162,Q,11,72.5,True,226.584,-47.388,-131.745
3GHG,J,144,LEU,P02671,163,L,16,60.0,False,226.72,-51.149,-131.227
3GHG,J,145,VAL,P02671,164,V,13,67.5,False,226.977,-51.964,-134.941
3GHG,J,146,ASP,P02671,165,D,13,67.5,False,229.851,-49.541,-135.198
3GHG,J,147,MET,P02671,166,M,13,67.5,False,231.883,-51.177,-132.465
3GHG,J,148,LYS,P02671,167,K,16,60.0,False,231.456,-54.504,-134.197
3GHG,J,149,ARG,P02671,168,R,12,70.0,False,232.959,-52.692,-137.245
3GHG,J,150,LEU,P02671,169,L,11,72.5,True,235.625,-50.692,-135.412
3GHG,J,151,GLU,P02671,170,E,15,62.5,False,236.732,-53.82,-133.621
3GHG,J,152,VAL,P02671,171,V,16,60.0,False,237.077,-56.061,-136.635
3GHG,J,153,ASP,P02671,172,D,12,70.0,False,238.417,-53.068,-138.598
3GHG,J,154,ILE,P02671,173,I,12,70.0,False,241.221,-52.814,-136.071
3GHG,J,155,ASP,P02671,174,D,16,60.0,False,241.536,-56.607,-135.884
3GHG,J,156,ILE,P02671,175,I,11,72.5,True,243.196,-56.46,-139.309
3GHG,J,157,LYS,P02671,176,K,11,72.5,True,244.628,-52.957,-139.348
3GHG,J,158,ILE,P02671,177,I,14,65.0,False,246.804,-53.989,-136.414
3GHG,J,159,ARG,P02671,178,R,16,60.0,False,247.929,-57.139,-138.201
3GHG,J,160,SER,P02671,179,S,12,70.0,False,248.687,-54.898,-141.169
3GHG,J,161,CYS,P02671,180,C,13,67.5,False,251.665,-53.699,-139.075
3GHG,J,162,ARG,P02671,181,R,14,65.0,False,253.053,-57.265,-139.018
3GHG,J,163,GLY,P02671,182,G,9,77.5,True,254.719,-56.652,-142.407
3GHG,J,164,SER,P02671,183,S,9,77.5,True,255.869,-53.174,-141.421
3GHG,J,165,CYS,P02671,184,C,9,77.5,True,256.875,-53.396,-137.746
3GHG,J,166,SER,P02671,185,S,7,82.5,True,259.223,-55.677,-135.854
3GHG,J,167,ARG,P02671,186,R,10,75.0,True,256.483,-56.68,-133.459
3GHG,J,168,ALA,P02671,187,A,13,67.5,False,252.829,-57.379,-134.388
3GHG,J,169,LEU,P02671,188,L,10,75.0,True,250.296,-57.805,-131.52
3GHG,J,170,ALA,P02671,189,A,9,77.5,True,248.613,-61.235,-131.628
3GHG,J,171,ARG,P02671,190,R,8,80.0,True,245.108,-60.88,-130.196
3GHG,J,172,GLU,P02671,191,E,8,80.0,True,241.672,-62.289,-131.013
3GHG,J,173,VAL,P02671,192,V,12,70.0,False,238.33,-60.544,-131.465
3GHG,J,174,ASP,P02671,193,D,10,75.0,True,235.162,-61.873,-129.823
3GHG,J,175,LEU,P02671,194,L,13,67.5,False,232.107,-61.518,-132.053
3GHG,J,176,LYS,P02671,195,K,9,77.5,True,230.357,-64.273,-130.043
3GHG,J,177,ASP,P02671,196,D,10,75.0,True,229.964,-61.717,-127.236
3GHG,J,178,TYR,P02671,197,Y,16,60.0,False,229.117,-58.967,-129.772
3GHG,J,179,GLU,P02671,198,E,13,67.5,False,226.548,-61.234,-131.493
3GHG,J,180,ASP,P02671,199,D,11,72.5,True,224.831,-62.138,-128.186
3GHG,J,181,GLN,P02671,200,Q,12,70.0,False,224.64,-58.704,-126.477
3GHG,J,182,GLN,P02671,201,Q,17,57.5,False,223.464,-57.409,-129.895
3GHG,J,183,LYS,P02671,202,K,11,72.5,True,221.06,-60.337,-130.545
3GHG,J,184,GLN,P02671,203,Q,11,72.5,True,219.864,-60.043,-126.932
3GHG,J,185,LEU,P02671,204,L,15,62.5,False,219.173,-56.312,-127.349
3GHG,J,186,GLU,P02671,205,E,13,67.5,False,217.355,-56.804,-130.657
3GHG,J,187,GLN,P02671,206,Q,9,77.5,True,214.982,-59.357,-129.126
3GHG,J,188,VAL,P02671,207,V,10,75.0,True,213.783,-56.524,-126.853
3GHG,J,189,ILE,P02671,208,I,13,67.5,False,213.095,-53.452,-129.028
3GHG,J,190,ALA,P02671,209,A,8,80.0,True,210.5,-55.197,-131.283
3GHG,J,191,LYS,P02671,210,K,8,80.0,True,207.678,-55.2,-128.704
3GHG,J,192,ASP,P02671,211,D,9,77.5,True,206.609,-52.354,-126.421
3GHG,J,193,LEU,P02671,212,L,12,70.0,False,205.468,-48.947,-127.682
3GHG,J,194,LEU,P02671,213,L,10,75.0,True,202.395,-48.322,-125.391
3GHG,J,195,PRO,P02671,214,P,7,82.5,True,200.259,-48.547,-128.567
3GHG,J,196,SER,P02671,215,S,6,85.0,True,196.797,-49.958,-127.951
3GHG,J,197,ARG,P02671,216,R,6,85.0,True,195.032,-47.581,-125.461
3GHG,J,198,ASP,P02671,217,D,9,77.5,True,195.313,-43.744,-125.247
3GHG,J,199,ARG,P02671,218,R,7,82.5,True,191.626,-44.048,-125.961
3GHG,J,200,GLN,P02671,219,Q,7,82.5,True,188.625,-44.544,-123.608
3GHG,J,201,HIS,P02671,220,H,7,82.5,True,187.855,-40.821,-123.22
3GHG,J,202,LEU,P02671,221,L,5,87.5,True,185.199,-39.828,-125.853
3GHG,J,203,PRO,P02671,222,P,7,82.5,True,182.029,-41.758,-124.712
3GHG,J,204,LEU,P02671,223,L,8,80.0,True,180.11,-40.643,-121.557
3GHG,J,205,ILE,P02671,224,I,7,82.5,True,177.434,-41.863,-119.122
3GHG,J,206,LYS,P02671,225,K,9,77.5,True,173.895,-40.412,-119.23
3GHG,J,207,MET,P02671,226,M,8,80.0,True,173.513,-40.49,-115.383
3GHG,J,208,LYS,P02671,227,K,8,80.0,True,174.267,-36.745,-115.311
3GHG,J,209,PRO,P02671,228,P,7,82.5,True,171.697,-36.347,-118.186
3GHG,J,210,VAL,P02671,229,V,7,82.5,True,169.124,-38.846,-116.665
3GHG,J,211,PRO,P02671,230,P,6,85.0,True,168.428,-36.838,-113.48
3GHG,J,212,ASP,P02671,231,D,6,85.0,True,167.705,-33.96,-115.913
